{
    "0": {
        "total": 17
    },
    "1": {
        "command": 0,
        "next": 2,
        "theta": 1.641566148759201,
        "x": -8.55395221710205,
        "y": -3.9487006664276123,
        "z": 0.41459447145462036
    },
    "10": {
        "command": 0,
        "next": 11,
        "theta": -0.16367015861041284,
        "x": -54.6983642578125,
        "y": 75.08441162109375,
        "z": 0.5044254064559937
    },
    "11": {
        "command": 0,
        "next": 12,
        "theta": 0.25211595697230915,
        "x": -40.34360122680664,
        "y": 76.5394287109375,
        "z": 0.4627090394496918
    },
    "12": {
        "command": 0,
        "next": 13,
        "theta": -1.3222476240702254,
        "x": -26.271671295166016,
        "y": 79.59516143798828,
        "z": 0.43713581562042236
    },
    "13": {
        "command": 0,
        "next": 14,
        "theta": -1.3732814296700986,
        "x": -22.893156051635742,
        "y": 45.54303741455078,
        "z": 0.58490389585495
    },
    "14": {
        "command": 0,
        "next": 15,
        "theta": -1.4132220606059107,
        "x": -29.307384490966797,
        "y": 2.448418140411377,
        "z": 0.4627092778682709
    },
    "15": {
        "command": 0,
        "next": 16,
        "theta": -0.2826287130241174,
        "x": -24.21230697631836,
        "y": -16.80634117126465,
        "z": 0.4912492334842682
    },
    "16": {
        "command": 0,
        "next": 17,
        "theta": 1.0220900769608914,
        "x": -10.388917922973633,
        "y": -15.989974975585938,
        "z": 0.6437256336212158
    },
    "17": {
        "command": 0,
        "next": 1,
        "theta": 1.5692585107175197,
        "x": -8.021791458129883,
        "y": -7.684365272521973,
        "z": 0.44024550914764404
    },
    "2": {
        "command": 0,
        "next": 3,
        "theta": 1.6848538633226045,
        "x": -10.380115509033203,
        "y": 11.563920974731445,
        "z": 0.44152259826660156
    },
    "3": {
        "command": 0,
        "next": 4,
        "theta": 2.2661307460393045,
        "x": -12.511640548706055,
        "y": 30.70319366455078,
        "z": 0.4280329644680023
    },
    "4": {
        "command": 0,
        "next": 5,
        "theta": -3.0061270734090777,
        "x": -28.731962203979492,
        "y": 79.68551635742188,
        "z": 0.5171164274215698
    },
    "5": {
        "command": 0,
        "next": 6,
        "theta": -2.9915471877108013,
        "x": -41.572635650634766,
        "y": 75.44148254394531,
        "z": 0.44757750630378723
    },
    "6": {
        "command": 0,
        "next": 7,
        "theta": 3.0023207646015737,
        "x": -54.640499114990234,
        "y": 75.11211395263672,
        "z": 0.49593204259872437
    },
    "7": {
        "command": 0,
        "next": 8,
        "theta": 2.797240897203552,
        "x": -66.365966796875,
        "y": 77.7767562866211,
        "z": 0.4806174337863922
    },
    "8": {
        "command": 0,
        "next": 9,
        "theta": -2.0004319196388716,
        "x": -80.73267364501953,
        "y": 86.47224426269531,
        "z": 0.507036030292511
    },
    "9": {
        "command": 0,
        "next": 10,
        "theta": -0.34488752416122975,
        "x": -69.06158447265625,
        "y": 78.72840118408203,
        "z": 0.4899168908596039
    }
}
